company,date_posted,description,location,source,title,url
sarcartage -,29/01/2026,"Dans le cadre du développement et l'évolution de l'activité de notre partenaire sur son site à Tunis, nous recrutons des Conseillers Santé. Nous vous offrons le package suivant: Salaire: Salaire...","Tunis, Tunis, Tunisie",tanitjobs,Téléconseillers Santé,https://www.tanitjobs.com/job/1969611/t%C3%A9l%C3%A9conseillers-sant%C3%A9/?backPage=1&searchID=1769677804.9771
CTS Tunisie -,29/01/2026,"Rejoignez le groupe Celeste, leader de l'internet Entreprise en France depuis plus de 25 ans ! Pionnier dans les domaines de l'accès Internet, du Cloud et de la cybersécurité, Celeste Group offre une expertise unique en...","Centre Urbain Nord, Ariana, Tunisie",tanitjobs,Commercial Sédentaire,https://www.tanitjobs.com/job/1941099/commercial-s%C3%A9dentaire/?backPage=1&searchID=1769677804.9771
excel pro -,29/01/2026,"Nous sommes une filiale d’un groupe français, leader international dans le domaine des énergies renouvelables, et nous sommes basés à Tunis. Nous recherchons actuellement 4 confirmateurs des rendez-vous...","Tunis, Tunis, Tunisie",tanitjobs,Agent de Confirmation,https://www.tanitjobs.com/job/1969613/agent-de-confirmation/?backPage=1&searchID=1769677804.9771
la nouvelle clinique du parc -,29/01/2026,veiller à assurer et imposer  les règles d'hygiène dans une clinique privée,"Tunis, Tunis, Tunisie",tanitjobs,hygieniste,https://www.tanitjobs.com/job/1978575/hygieniste/?backPage=1&searchID=1769677804.9771
Enpal -,29/01/2026,"Enpal é il green unicorn 1° in Europa. Enpal  è un'azienda leader nel settore delle energie rinnovabili, specializzata nell'installazione di impianti fotovoltaici residenziali e commerciali. Fondata a Berlino nel...","Les berges du lac, Tunis, Tunisie",tanitjobs,Team Leader - Dipartimento Operations | Settore Fotovoltaico | Italiano Fluente Richiesto,https://www.tanitjobs.com/job/1978584/team-leader-dipartimento-operations-settore-fotovoltaico-italiano-fluente-richiesto/?backPage=1&searchID=1769677804.9771
STE PHARMIMPORT -,29/01/2026,"Dans le cadre de notre développement, LBDC , société spécialisée dans la distribution de produits cosmétiques,  recherche un(e) assistant(e) pour le poste Vente en ligne / E-commerce ,...","Marsa, Tunis, Tunisie",tanitjobs,Vente en ligne / E-commerce,https://www.tanitjobs.com/job/1978588/vente-en-ligne-e-commerce/?backPage=1&searchID=1769677804.9771
Bacovet International -,29/01/2026,Mangement et coordination de l'administration RH Recrutement de la main d'œuvre directe communication interne et externe,"Tunis, Tunis, Tunisie",tanitjobs,chargé(e) administration du personnel,https://www.tanitjobs.com/job/1978586/charg%C3%A9-e-administration-du-personnel/?backPage=1&searchID=1769677804.9771
société multinationale -,29/01/2026,Société multinationale sise à Sousse désire recruter pour renforcer ses équipes: Des chefs projets industrialisation ayant comme missions principales: 1. Pilotage de projets industriels :...,"Tunis, Tunis, Tunisie",tanitjobs,Chef de projet industrialisation,https://www.tanitjobs.com/job/1978582/chef-de-projet-industrialisation/?backPage=1&searchID=1769677804.9771
Teliora Call Center -,29/01/2026,"Nouvelle saison, nouvelles opportunités ! L’automne s’installe… et si c’était le moment de donner un nouvel élan à votre carrière ? Nous lançons notre campagne de...","Tunis, Tunis, Tunisie",tanitjobs,recrutement des téléopérateurs-télévendeurs,https://www.tanitjobs.com/job/1949255/recrutement-des-t%C3%A9l%C3%A9op%C3%A9rateurs-t%C3%A9l%C3%A9vendeurs/?backPage=1&searchID=1769677804.9771
,29/01/2026,"Mission : Assurer l’entretien et le bon fonctionnement du matériel informatique. Diagnostiquer les pannes et intervenir pour les résoudre, qu’elles concernent les postes de travail, les logiciels ou les...","La Marsa, Tunis, Tunisie",tanitjobs,Technicien en Informatique,https://www.tanitjobs.com/job/1845198/technicien-en-informatique/?backPage=1&searchID=1769677804.9771
Teliora Call Center -,29/01/2026,Rejoignez notre équipe et participez à la transition énergétique ! Nous recherchons un(e) agent de prise de rendez-vous dynamique et motivé(e) pour renforcer notre call center spécialisé dans...,"Tunis, Tunis, Tunisie",tanitjobs,Agent(e) de Prise de Rendez-vous,https://www.tanitjobs.com/job/1951405/agent-e-de-prise-de-rendez-vous/?backPage=1&searchID=1769677804.9771
H&B ASSURANCES -,29/01/2026,"Dans le cadre du développement de notre activité, nous recrutons des conseillers en mutuelle santé expérimentés.","Tunis, Tunis, Tunisie",tanitjobs,Télévendeur Mutuelle santé,https://www.tanitjobs.com/job/1978569/t%C3%A9l%C3%A9vendeur-mutuelle-sant%C3%A9/?backPage=1&searchID=1769677804.9771
Smart IT -,29/01/2026,"Dans le cadre de l’extension de nos activités, nous recherchons un technicien en électricité bâtiment / industrielle, maintenance industrielle  motivé, pour intégrer notre équipe. Sa...","Monastir, Monastir, Tunisie",tanitjobs,"Technicien en électricité Bâtiment/Industrielle , maintenance industrielle",https://www.tanitjobs.com/job/1978579/technicien-en-%C3%A9lectricit%C3%A9-b%C3%A2timent-industrielle-maintenance-industrielle/?backPage=1&searchID=1769677804.9771
Enpal -,29/01/2026,"Enpal è il principale green unicorn Europeo . Fondata a Berlino nel 2017 e presente in Italia dal 2023, Enpal ha già conquistato oltre 90.000 clienti soddisfatti. La mission aziendale è quella di diventare il riferimento...","Les Berges du Lac 1, Tunis, Tunisie",tanitjobs,Tecnico di Supporto Fotovoltaico (Italiano Fluente Obbligatorio C1/C2),https://www.tanitjobs.com/job/1978572/tecnico-di-supporto-fotovoltaico-italiano-fluente-obbligatorio-c1-c2/?backPage=1&searchID=1769677804.9771
Bacovet International -,29/01/2026,√- Organisation de l’agenda du dirigeant et accueil √- Gestion et suivi et archivage des comptes rendus et documentation du dirigeant √- Communication interne et externe,"Tunis, Tunis, Tunisie",tanitjobs,Assitante de direction,https://www.tanitjobs.com/job/1978581/assitante-de-direction/?backPage=1&searchID=1769677804.9771
société multinationale -,29/01/2026,société française sise à Sousse désir recruter  Chargée Hygiène  pour : suivi et du contrôle des normes d’hygiène au sein de l’entreprise. Elle veille...,"Tunis, Tunis, Tunisie",tanitjobs,Chargée Hygiène,https://www.tanitjobs.com/job/1978577/charg%C3%A9e-hygi%C3%A8ne/?backPage=1&searchID=1769677804.9771
DecliTech Innovation -,29/01/2026,Offre d’emploi : Gestionnaire administrative à Ariana Vous êtes passionnée par la relation client et l’accompagnement personnalisé ? Rejoignez notre équipe dynamique en tant que...,"Ariana, Ariana, Tunisie",tanitjobs,Gestionnaire administrative à Ariana,https://www.tanitjobs.com/job/1978576/gestionnaire-administrative-%C3%A0-ariana/?backPage=1&searchID=1769677804.9771
SOLVE IT -,29/01/2026,"Dans le cadre du renforcement de notre équipe, nous recherchons un(e) ingénieur(e) informatique pour intégrer notre équipe. À propos de nous: Solve IT est une société ...","Sousse, Sousse, Tunisie",tanitjobs,ingénieur informatique,https://www.tanitjobs.com/job/1978564/ing%C3%A9nieur-informatique/?backPage=1&searchID=1769677804.9771
Enpal -,29/01/2026,"Enpal é il green unicorn 1° in Europa. Enpal  è un'azienda leader nel settore delle energie rinnovabili, specializzata nell'installazione di impianti fotovoltaici residenziali e commerciali. Fondata a Berlino nel...","Les berges du lac, Tunis, Tunisie",tanitjobs,Inside Sales – Energia Rinnovabile,https://www.tanitjobs.com/job/1978568/inside-sales-energia-rinnovabile/?backPage=1&searchID=1769677804.9771
Xpertcall -,29/01/2026,Nous recrutons immédiatement des Conseillers clients Helpdesk (prise de main à distance sur les postes clients) avec un très bon niveau en français et une expérience dans la relation client en support technique....,"Chotrana 2, Ariana, Tunisie",tanitjobs,Conseillers Clients Helpdesk (prise de main PC à distance),https://www.tanitjobs.com/job/1757053/conseillers-clients-helpdesk-prise-de-main-pc-%C3%A0-distance/?backPage=1&searchID=1769677804.9771
So Key Consulting -,29/01/2026,"Notre cabinet de conseil est innovant sur le marché avec des compétences technico-fonctionnelles reconnues. En nous rejoignant, vous vous verrez confier les missions suivantes : Analyse des besoins en collaboration avec...","Centre Urbain Nord, Ariana, Tunisie",tanitjobs,Comptable Junior (0-3ans),https://www.tanitjobs.com/job/1121901/comptable-junior-0-3ans/?backPage=2&searchID=1769677804.9771
Plazaimmo -,29/01/2026,"cherchons des jeunes maîtrisant l’outil informatique, qui veulent s’insérer dans l’immobilier, leurs tâches principales la prospection et le suivi des clients dans l’immobilier pour un premier...","Les Berges du Lac 2, Tunis, Tunisie",tanitjobs,Agent de prospection dans une agence immobilière,https://www.tanitjobs.com/job/1978565/agent-de-prospection-dans-une-agence-immobili%C3%A8re/?backPage=2&searchID=1769677804.9771
CARPRO -,29/01/2026,Vos missions • Réaliser des audits et inspections régulières des agences du réseau • Analyser les performances commerciales et après vente • Accompagner les agents dans...,"Tunis, Tunis, Tunisie",tanitjobs,Inspecteur Réseau Automobile,https://www.tanitjobs.com/job/1978560/inspecteur-r%C3%A9seau-automobile/?backPage=2&searchID=1769677804.9771
5 D SOLUTIONS -,29/01/2026,C'est tout d'abord un travail intéressant demandant un investissement personnel important donc des disponibilités larges en terme d'horaires. Il s'agit d'un poste en télétravail dans le secteur médical. Ce...,"Tunis, Tunis, Tunisie",tanitjobs,Francophone au service des patients et des médecins,https://www.tanitjobs.com/job/1978562/francophone-au-service-des-patients-et-des-m%C3%A9decins/?backPage=2&searchID=1769677804.9771
,29/01/2026,Présentation du poste Une entreprise française du secteur FoodTech recrute pour sa filiale basée à Tunis un(e) Chargé(e) de la relation clients B2B (Customer Success). Rattaché(e) à la...,"Monplaisir, Tunis, Tunisie",tanitjobs,Chargé(e) de la relation clients B2B (Customer Success),https://www.tanitjobs.com/job/1972485/charg%C3%A9-e-de-la-relation-clients-b2b-customer-success/?backPage=2&searchID=1769677804.9771
Societé SECUREX -,29/01/2026,SECUREX recherche un(e) stagiaire dynamique pour accompagner son développement commercial et renforcer sa présence numérique.,"Tunis, Tunis, Tunisie",tanitjobs,Stage en Marketing,https://www.tanitjobs.com/job/1978554/stage-en-marketing/?backPage=2&searchID=1769677804.9771
société multinationale -,29/01/2026,Société étrangère  spécialisée dans la fabrication de dispositifs médicaux située dans la région de Sahel souhaite recruter son OpEx Manager (Responsable Excellence...,"Sousse, Sousse, Tunisie",tanitjobs,Responsable Excellence opérationnelle,https://www.tanitjobs.com/job/1978556/responsable-excellence-op%C3%A9rationnelle/?backPage=2&searchID=1769677804.9771
Incorp Consulting Advisory -,29/01/2026,"Le/la candidat(e) interviendra sur des missions variées liées à la comptabilité, au juridique et à l’administratif, notamment : Tenue et suivi de la comptabilité courante...","Les Berges Du Lac 2, Tunis, Tunisie",tanitjobs,Comptabilité – Juridique – Administratif,https://www.tanitjobs.com/job/1978559/comptabilit%C3%A9-juridique-administratif/?backPage=2&searchID=1769677804.9771
SKY MEDICAL LABORATOIRE -,29/01/2026,"Nous recherchons un(e) assistant(e) logistique motivé(e) pour renforcer notre équipe. Le/la candidat(e) idéal(e) fera preuve de rigueur, d’un bon sens de l’organisation et d’un excellent relationnel. Ce...","Les Berges Du Lac ,Tunis, Tunisie",tanitjobs,Assistant(e) Logistique,https://www.tanitjobs.com/job/1978550/assistant-e-logistique/?backPage=2&searchID=1769677804.9771
Caudit -,29/01/2026,Société  de comptabilité à la  cherche d'un (e) comptable pour : Tenue de  comptabilité Organisation et classification des documents comptables Préparation des...,"Montplaisir, Tunis,Tunisie",tanitjobs,COMPTABLE,https://www.tanitjobs.com/job/1978553/comptable/?backPage=2&searchID=1769677804.9771
Maxcess logistics -,29/01/2026,"Nous recherchons un(e) Responsable Exploitation Senior pour rejoindre notre département logistique et transport. Vous serez en charge de la gestion opérationnelle des dossiers Import/Export, de la coordination avec nos fournisseurs,...","Rades, Ben arous, Tunisie",tanitjobs,Responsable Exploitation Senior – Transport & Logistique,https://www.tanitjobs.com/job/1978549/responsable-exploitation-senior-transport-logistique/?backPage=2&searchID=1769677804.9771
BNC -,29/01/2026,Définir et formaliser les procédures de fabrication d’un produit Assurer le suivre  l’optimisation du processus de fabrication Étudier et déterminer les procédures à suivre pour...,"Enfidha, Sousse, Tunisie",tanitjobs,Technicien méthode industrielle,https://www.tanitjobs.com/job/1957105/technicien-m%C3%A9thode-industrielle/?backPage=2&searchID=1769677804.9771
BNC -,29/01/2026,"Contribuer avec le Responsable de Méthodes de Production à l’élaboration du planning de production de manière à pouvoir répondre aux exigences de délais, quantité et qualité...","Enfidha, Sousse, Tunisie",tanitjobs,Responsable production,https://www.tanitjobs.com/job/1803438/responsable-production/?backPage=2&searchID=1769677804.9771
Telesupport Global -,29/01/2026,About the Role We are looking for a  Lead Generation & Meeting Setter Specialist  to support the market expansion of a UK-based technology provider into the Gulf region. Your primary mission will be to generate  qualified...,"Tunis, Tunis, Tunisie",tanitjobs,Lead Generation & Meeting Setter – Cloud & Data Solutions (Gulf Region),https://www.tanitjobs.com/job/1978543/lead-generation-meeting-setter-cloud-data-solutions-gulf-region/?backPage=2&searchID=1769677804.9771
asala fashion -,28/01/2026,"- Dans le cadre de notre développement, Asala Fashion recherche un(e) Chargé(e) Marketing Digital passionné(e) par la mode et le digital. -Missions principales : Gestion des réseaux sociaux...",monastir ksar hellal,tanitjobs,Post recrutement Marketing Digital,https://www.tanitjobs.com/job/1978506/post-recrutement-marketing-digital/?backPage=2&searchID=1769677804.9771
NEXTECH MEDICAL -,28/01/2026,"Le poste est polyvalent, à l’interface entre les clients et les équipes internes, avec un rôle clé dans le suivi commercial et la qualité de service.  Missions principales Relation client...","Nasria Sfax, Sfax, Tunisie",tanitjobs,Chargé(e) de Relation Client & Support Commercial,https://www.tanitjobs.com/job/1978495/charg%C3%A9-e-de-relation-client-support-commercial/?backPage=2&searchID=1769677804.9771
INSTITUT PASCAL -,28/01/2026,"Nous recrutons un(e) Chargé(e) Marketing Digital & Commercial pour développer notre visibilité en ligne, renforcer nos ventes et contribuer au développement des projets clients. Gestion des pages Facebook,...","EL Menzah 5, Tunis, Tunisie",tanitjobs,Chargé(e) marketing digital - Community Manager & Commercial,https://www.tanitjobs.com/job/1978497/charg%C3%A9-e-marketing-digital-community-manager-commercial/?backPage=2&searchID=1769677804.9771
NEXTECH MEDICAL -,28/01/2026,"Présentation de l’entreprise NEXTECH MEDICAL est une société spécialisée dans la distribution de dispositifs médicaux, intervenant auprès d’établissements publics et...","Nasria Sfax, Sfax, Tunisie",tanitjobs,Chargé(e) des Appels d’Offres (Dispositifs Médicaux),https://www.tanitjobs.com/job/1978499/charg%C3%A9-e-des-appels-d-offres-dispositifs-m%C3%A9dicaux/?backPage=2&searchID=1769677804.9771
Desert Joy -,28/01/2026,"Desert Joy is looking for a dedicated and proactive Storekeeper Assistant to join our growing team. In this vital role you will be ensuring materials, tools, and products flow efficiently and you will take responsibility for accurate inventory...","El Hamma, Gabès, Tunisie",tanitjobs,Storekeeper Assistant,https://www.tanitjobs.com/job/1978483/storekeeper-assistant/?backPage=2&searchID=1769677804.9771
Académie dhoulmajez -,28/01/2026,القيام بالأعمال الإدارية اليومية : مراسلات، أرشفة، تنظيم الملفات.. التنسيق بين مختلف الأقسام. استعمال البرامج المكتبية والتقنيات الإدارية الحديثة. تنفيذ مهام إدارية أخرى تُسند إليها من قبل الإدارة.,"Ariana, Ariana, Tunisie",tanitjobs,انتداب إدارية,https://www.tanitjobs.com/job/1978482/%D8%A7%D9%86%D8%AA%D8%AF%D8%A7%D8%A8-%D8%A5%D8%AF%D8%A7%D8%B1%D9%8A%D8%A9/?backPage=2&searchID=1769677804.9771
AUDITEUR -,28/01/2026,auditrice : comptable avec  expérience,"Sousse, Sousse, Tunisie",tanitjobs,"auditrice , comptable experimenté",https://www.tanitjobs.com/job/1978475/auditrice-comptable-experiment%C3%A9/?backPage=3&searchID=1769677804.9771
Elokencia -,28/01/2026,"Qui sommes-nous ? Elokencia est une plateforme SaaS d’intelligence artificielle qui transforme les réunions en leviers de performance. Nous aidons les équipes à capturer décisions, tâches et...","Ain Zaghouan, Tunis, Tunisie",tanitjobs,Chargé(e) de Développement Commercial / Business Developer (Français courant indispensable),https://www.tanitjobs.com/job/1978470/charg%C3%A9-e-de-d%C3%A9veloppement-commercial-business-developer-fran%C3%A7ais-courant-indispensable/?backPage=3&searchID=1769677804.9771
Elokencia -,28/01/2026,"Qui sommes-nous ? Elokencia est une plateforme SaaS d’intelligence artificielle qui transforme les réunions en leviers de performance. Nous aidons les équipes à capturer décisions, tâches et...","Ain Zaghouan, Tunis, Tunisie",tanitjobs,Business Developer/ Chargé(e) de Développement Commercial– SaaS B2B (Français excellent requis),https://www.tanitjobs.com/job/1978466/business-developer-charg%C3%A9-e-de-d%C3%A9veloppement-commercial-saas-b2b-fran%C3%A7ais-excellent-requis/?backPage=3&searchID=1769677804.9771
cabinet maître takrouni mohamed jasser avocat auprès de la cour d’appel -,28/01/2026,الرجاء قراءة هذه التوجيهات جيدا  عملا بأحكام الفصل 94-2 وما بعدهُ من مجلة الشغل فإن عرض الشغل هذا مفتوح للشباب (رجال أو نساء) أقل من 25 سنة وليس له تجربة عمل سابقة في سوق الشغل بتاتا، شريطة أن يكون نقي السوابق العدلية مطلقا...,"Sidi Rzig Megrine, Ben Arous, Tunisie",tanitjobs,مساعد (ة) كاتبة,https://www.tanitjobs.com/job/1978458/%D9%85%D8%B3%D8%A7%D8%B9%D8%AF-%D8%A9-%D9%83%D8%A7%D8%AA%D8%A8%D8%A9/?backPage=3&searchID=1769677804.9771
excel pro -,28/01/2026,"Dans le cadre de notre développement, nous recrutons un(e) Responsable de la confirmation des rendez-vous en mutuelle santé . Profil recherché : Expérience en centre d’appels ou mutuelle...","Tunis, Tunis, Tunisie",tanitjobs,Responsable de la confirmation des rendez-vous – Mutuelle Santé,https://www.tanitjobs.com/job/1969614/responsable-de-la-confirmation-des-rendez-vous-mutuelle-sant%C3%A9/?backPage=3&searchID=1769677804.9771
sarcartage -,28/01/2026,"Nous sommes un bureau d'étude spécialisé dans les énergies renouvelables, basé à Tunis. Dans le cadre de notre développement, nous recherchons des  confirmateur(trices) de projets...","Tunis, Tunis, Tunisie",tanitjobs,Confirmateur(trice) de projets en énergies renouvelables,https://www.tanitjobs.com/job/1969601/confirmateur-trice-de-projets-en-%C3%A9nergies-renouvelables/?backPage=3&searchID=1769677804.9771
Taskwise -,28/01/2026,"We are looking for a creative who can instantly read, understand, and elevate a brand’s visual identity.If you’re someone with strong technical skills, a refined eye for minimal and premium aesthetics, and the ability to take a brand...","El Aouina, Tunis, Tunisie",tanitjobs,Art Director (Senior Graphic Designer),https://www.tanitjobs.com/job/1978453/art-director-senior-graphic-designer/?backPage=3&searchID=1769677804.9771
Taskwise -,28/01/2026,"À propos de nous : Nous sommes une société offshore tunisienne opérant pour le compte d’un laboratoire canadien spécialisé dans les cosmétiques biologiques. Structure dynamique,...","El Aouina, Ariana, Tunisie",tanitjobs,Comptable,https://www.tanitjobs.com/job/1978452/comptable/?backPage=3&searchID=1769677804.9771
AWR TECHNICAL ASSISTANCE -,28/01/2026,"Description de l ’emploi : Dans le cadre du renforcement de ses capacités en matière de gestion de l’information documentaire et archivistique, AWR Technical Assistance souhaite recruter un consultant...","Ariana, Ariana, Tunisie",tanitjobs,"Consultant en documentation, bibliothéconomie et archivistiques",https://www.tanitjobs.com/job/1978450/consultant-en-documentation-biblioth%C3%A9conomie-et-archivistiques/?backPage=3&searchID=1769677804.9771
PURE BEAUTY LABS -,28/01/2026,"on recrute un  Responsable Appel d’Offres  qui sera le support d’une cellule appel d’offres, ou d’un service commercial. Il prendra en charge tous les aspects administratifs liés à la...","La Charguia 2, Tunis, Tunisie",tanitjobs,Responsable Appel d’Offres,https://www.tanitjobs.com/job/1781816/responsable-appel-d-offres/?backPage=3&searchID=1769677804.9771
kaizen -,28/01/2026,PME recrute de suite assistante commerciale pour le suivi et la gestion quotidienne du portefeuille clients,"Tunis, Tunis, Tunisie",tanitjobs,Assistante commerciale,https://www.tanitjobs.com/job/1978436/assistante-commerciale/?backPage=3&searchID=1769677804.9771
Tessi Technology Tunis -,28/01/2026,"Vous cherchez un nouveau challenge avec des perspectives de carrière, de la convivialité dans vos relations de travail et la liberté d’entreprendre au sein d’équipes impliquées ? Tessi est...","La Chargui 1, Tunis, Tunisie",tanitjobs,TECH LEAD Expérimenté PHP,https://www.tanitjobs.com/job/1863562/tech-lead-exp%C3%A9riment%C3%A9-php/?backPage=3&searchID=1769677804.9771
,28/01/2026,"Notre client, un groupe international basé en Algérie opérant dans le secteur agroalimentaire, recherche  un Finance Manager  pour rejoindre la direction financière de l’une de ses entités...",Algérie.,tanitjobs,Finance Manager,https://www.tanitjobs.com/job/1978421/finance-manager/?backPage=3&searchID=1769677804.9771
CAEI -,28/01/2026,"Dans le cadre du développement de nos activités, nous recrutons des  Téléconseiller(ère)s  spécialisés dans la  prise de rendez-vous pour des audits énergétiques ....","Tunis, Tunis, Tunisie",tanitjobs,Recrutement – Téléconseiller(ère) Prise de RDV (Audit Énergétique),https://www.tanitjobs.com/job/1978432/recrutement-t%C3%A9l%C3%A9conseiller-%C3%A8re-prise-de-rdv-audit-%C3%A9nerg%C3%A9tique/?backPage=3&searchID=1769677804.9771
,28/01/2026,"Notre client,   un acteur international reconnu dans le secteur industriel, souhaite renforcer ses équipes en recrutant  Un(e) Contrôleur(se) Qualité . (Poste basé à la banlieue sud)....",La banlieue sud de Tunis.,tanitjobs,Un(e) Contrôleur(se) Qualité.,https://www.tanitjobs.com/job/1978425/un-e-contr%C3%B4leur-se-qualit%C3%A9/?backPage=3&searchID=1769677804.9771
,28/01/2026,"Notre client, un groupe international Algérien opérant principalement dans le secteur agroalimentaire, recherche   un(e) Group IT Director   pour piloter la transformation technologique de ses systèmes...",Algérie.,tanitjobs,Group IT Director,https://www.tanitjobs.com/job/1978422/group-it-director/?backPage=3&searchID=1769677804.9771
Ste.pole vision -,28/01/2026,"Dans le cadre de son développement , la société Pôle Vision, spécialiste reconnu dans le domaine de l’optique, renforce son équipe et recrute un(e) Aide-Opticien(ne) motivé(e) et souriant(e),...","Dar Chabane, Nabeul, Tunisie",tanitjobs,AIDE OPTICIEN,https://www.tanitjobs.com/job/1978433/aide-opticien/?backPage=3&searchID=1769677804.9771
AIM STAFF -,28/01/2026,"Dans le cadre de son développement, AIM Staff recrute un(e) Ingénieur d’Affaires / Commercial IT en télétravail. Votre mission : développer un portefeuille de clients et partenaires et contribuer au...","Tunis, Tunis, Tunisie",tanitjobs,Ingénieure d'affaires IT / Recruteuse IT,https://www.tanitjobs.com/job/1969988/ing%C3%A9nieure-d-affaires-it-recruteuse-it/?backPage=3&searchID=1769677804.9771
,28/01/2026,"Notre client, société industrielle filiale d’un groupe européen de renom, acteur reconnu sur son marché et distingué par son expertise dans les produits artistiques ainsi que par sa culture...","Tunis, Tunis, Tunisie",tanitjobs,Gestionnaire Administratif ADV (Service ADV),https://www.tanitjobs.com/job/1978415/gestionnaire-administratif-adv-service-adv/?backPage=4&searchID=1769677804.9771
,28/01/2026,"Progress RH Tunisie  recherche, pour le compte de son client, une société spécialisée dans la grande distribution , un  Directeur des Ressources Humaines. Missions : Collaborer avec la...","Tunis, Tunis, Tunisie",tanitjobs,Directeur des Ressources Humaines,https://www.tanitjobs.com/job/1978416/directeur-des-ressources-humaines/?backPage=4&searchID=1769677804.9771
PAS CONSULTING TUNISIE -,28/01/2026,"Nous recherchons un(e) comptable qualifiée et expérimentée pour rejoindre notre équipe. Vous serez responsable de la gestion comptable et financière de l’entreprise, en garantissant la conformité...","Centre Urbain Nord, Ariana, Tunisie",tanitjobs,COMPTABLE,https://www.tanitjobs.com/job/1803696/comptable/?backPage=4&searchID=1769677804.9771
,28/01/2026,"(Poste basé à la banlieue sud) Dans le cadre du renforcement de ses équipes, notre client, acteur international reconnu dans son secteur d’activité, est à la recherche d’un   Technicien de...",La banlieue sud de Tunis.,tanitjobs,Technicien de maintenance – profil électrique préféré,https://www.tanitjobs.com/job/1978418/technicien-de-maintenance-profil-%C3%A9lectrique-pr%C3%A9f%C3%A9r%C3%A9/?backPage=4&searchID=1769677804.9771
,28/01/2026,"Notre client, acteur majeur dans le secteur des équipements et solutions intégrées pour l’habitat et les environnements professionnels, recrute  Chef comptable et responsable reporting. ( Poste  basé...",Afrique centrale.,tanitjobs,Chef comptable et responsable reporting.,https://www.tanitjobs.com/job/1978417/chef-comptable-et-responsable-reporting/?backPage=4&searchID=1769677804.9771
,28/01/2026,V ous aimez l’univers sportif et du service ? Rejoignez l’aventure CALLIFORNIA GYM  ! CALIFORNIA GYM le leader des chaines de fitness en Afrique du nord Recherche UN TECHNICIEN MAINTENANCE...,"Centre Urbain Nord, Ariana, Tunisie",tanitjobs,TECHNICIEN MAINTENANCE CALIFORNIA GYM,https://www.tanitjobs.com/job/1978409/technicien-maintenance-california-gym/?backPage=4&searchID=1769677804.9771
CONTACT -,28/01/2026,"Rédaction de cahier des charges Gestion du projet, du planning et de l’équipe projet Suivi et accompagnement de la mise au point sur site Coordination des intervenants. Supervision de la mise en service sur site...","Grombalia, Nabeul, Tunisie",tanitjobs,Chef Projet Injection Plastique,https://www.tanitjobs.com/job/1699637/chef-projet-injection-plastique/?backPage=4&searchID=1769677804.9771
DM TN -,28/01/2026,"Rejoignez DM-TN ! Infographiste – Plans de sécurité incendie Entreprise franco-tunisienne – Poste basé à LAC 1 TUNIS À propos de DM-TN DM-TN est une entreprise innovante,...","Les Berges du Lac 1, Tunis, Tunisie",tanitjobs,Infographiste (H/F),https://www.tanitjobs.com/job/1978397/infographiste-h-f/?backPage=4&searchID=1769677804.9771
Electrocontact Tunisie -,28/01/2026,"La société Electrocontact Tunisie SARL , filiale du groupe allemand Nexans autoelectric , est spécialisée dans le câblage automobile. Avec une taille d’entreprise de 5 001 à 10 000...","Sousse, Sousse, Tunisie",tanitjobs,autoelectric_Production System Manager,https://www.tanitjobs.com/job/1978387/autoelectric_production-system-manager/?backPage=4&searchID=1769677804.9771
DecliTech Innovation -,28/01/2026,"Dans le cadre du développement de nos activités pédagogiques et d'accompagnement, Nous recrutons un(e) psychologue passionné(e) par l’accompagnement des enfants et adolescents. Localisation : Ben Arous ...","Ben Arous, Ben Arous, Tunisie",tanitjobs,Psychologue à Ben Arous,https://www.tanitjobs.com/job/1978390/psychologue-%C3%A0-ben-arous/?backPage=4&searchID=1769677804.9771
semia -,28/01/2026,"Société industrielle, implantée à SFAX AGEREB recherche un concepteur mécanique SOLIDWORKS pour la conception de pièces et structures . Missions principales : Concevoir et...","Sfax, Sfax, Tunisie",tanitjobs,Concepteur Mécanique spécialisé SolidWorks,https://www.tanitjobs.com/job/1978391/concepteur-m%C3%A9canique-sp%C3%A9cialis%C3%A9-solidworks/?backPage=4&searchID=1769677804.9771
Your Team In Tunisia -,28/01/2026,La société Your Team In Tunisia située à Hammamet cherche à recruter un comptable expérimenté en comptabilité canadienne. Le poste est basé à Hammamet avec possibilité...,"Tunis, Tunis, Tunisie",tanitjobs,Un comptable expérimenté en comptabilité canadienne,https://www.tanitjobs.com/job/1978381/un-comptable-exp%C3%A9riment%C3%A9-en-comptabilit%C3%A9-canadienne/?backPage=4&searchID=1769677804.9771
BUSINESS SOLUTIONS -,28/01/2026,"Mission principale Le Superviseur de Production est responsable de l’organisation, du suivi et de l’optimisation de la production. Il veille au respect des objectifs de qualité, de délais, de sécurité...","Monastir, Monastir, Tunisie",tanitjobs,SUPERVISEUR DE PRODUCTION,https://www.tanitjobs.com/job/1978377/superviseur-de-production/?backPage=4&searchID=1769677804.9771
SYBERNETYS -,28/01/2026,"SYBERNETYS est une entreprise spécialisée dans le développement web et mobile, les technologies de l’information et l’intelligence artificielle. Portée par une équipe d’experts...","Rades, Ben Arous, Tunisie",tanitjobs,Chargé(e) DATA / IA / SI,https://www.tanitjobs.com/job/1978330/charg%C3%A9-e-data-ia-si/?backPage=4&searchID=1769677804.9771
I-Motion Club Tunisia -,28/01/2026,"I Motion Club Tunisia est un centre spécialisé dans le sport, la santé et le bien-être. Dans le cadre du développement de nos activités, nous recherchons un(e) stagiaire en comptabilité","Tunis, Tunis, Tunisie",tanitjobs,Stage PFE : un(e) stagiaire en comptabilité,https://www.tanitjobs.com/job/1978356/stage-pfe-un-e-stagiaire-en-comptabilit%C3%A9/?backPage=4&searchID=1769677804.9771
MHS TRADING COMPANY -,28/01/2026,Dans le cadre du développement de ses activités MHS TRADING COMPANY recrute un(e) Agent Administratif(ve) pour renforcer son équipe administrative et assurer le bon suivi des opérations internes...,"Route ain km 3 sfax, Sfax, Tunisie",tanitjobs,Agent administratif,https://www.tanitjobs.com/job/1978349/agent-administratif/?backPage=4&searchID=1769677804.9771
I-Motion Club Tunisia -,28/01/2026,"I Motion Club Tunisia est un centre spécialisé dans le sport, le bien-être et la remise en forme. Nous accompagnons nos adhérents à travers des programmes d’entraînement personnalisés et un...","Tunis, Tunis, Tunisie",tanitjobs,Stage PFE : un(e) stagiaire en Nutrition Humaine (,https://www.tanitjobs.com/job/1978354/stage-pfe-un-e-stagiaire-en-nutrition-humaine/?backPage=4&searchID=1769677804.9771
Laperla -,28/01/2026,Nous sommes une société de vente des accessoires pour femmes ( LA PERLA ) on recrute 2 assistantes commerciales ( contrat civp ) notre bureau se trouve a cité ennasr 1 Ariana,"Ennaser, Ariana, Tunisie",tanitjobs,2 assistantes a ariana/ Ennasr,https://www.tanitjobs.com/job/1978363/2-assistantes-a-ariana-ennasr/?backPage=4&searchID=1769677804.9771
ONRBAT -,28/01/2026,"Nous recherchons un comptable sérieux(se), motivé(e) et rigoureux(se) pour rejoindre notre équipe. Missions principales : Saisie et suivi comptable Gestion des factures (clients et fournisseurs) Préparation...","Khezema, sousse, Tunisie",tanitjobs,Comptable,https://www.tanitjobs.com/job/1978365/comptable/?backPage=4&searchID=1769677804.9771
Waram Medical -,28/01/2026,Prospecter et développer un portefeuille de pharmacies et parapharmacies • Présenter et valoriser nos produits auprès de vos clients • Assurer le suivi des ventes et des recouvrements • Établir et...,"Ennaser, Ariana, Tunisie",tanitjobs,Commercial B2B Motorisé H/F – Pharmacies & Parapharmacies,https://www.tanitjobs.com/job/1978370/commercial-b2b-motoris%C3%A9-h-f-pharmacies-parapharmacies/?backPage=4&searchID=1769677804.9771
ovopack -,28/01/2026,"Planifier, organiser et suivre la production quotidienne. Assurer l’atteinte des objectifs de production (qualité, coût, délai). Optimiser les processus de production afin d’améliorer la...","Route de Tunis Km 23 EL Ghraba Sfax, Sfax, Tunisie",tanitjobs,Ingénieur Responsable de Production (Homme),https://www.tanitjobs.com/job/1978340/ing%C3%A9nieur-responsable-de-production-homme/?backPage=5&searchID=1769677804.9771
FINOPTI TN -,28/01/2026,"A propos de FINOPTI: FINOPTI est une société spécialisée dans l'externalisation comptable et financière au service d'une clientèle variée composée de PME, de Startups et de Grandes...","Tunis, Tunis, Tunisie",tanitjobs,Chargé(e) de recouvrement francophone,https://www.tanitjobs.com/job/1978329/charg%C3%A9-e-de-recouvrement-francophone/?backPage=5&searchID=1769677804.9771
FINOPTI TN -,28/01/2026,"À propos de nous : FINOPTI une société franco-tunisienne en forte expansion et forte d’une croissance continue, nous accompagnons un portefeuille varié d’experts-comptables français dans leurs...",Charguia 2,tanitjobs,Collaborateur Comptable (Comptabilité Française),https://www.tanitjobs.com/job/993484/collaborateur-comptable-comptabilit%C3%A9-fran%C3%A7aise/?backPage=5&searchID=1769677804.9771
IYA SOFT -,28/01/2026,"Dans le cadre du développement d’une nouvelle application métier et de la reprise d’un applicatif legacy , nous recherchons des développeurs .NET pour renforcer notre centre de services basé à...","Centre Urbain Nord, Ariana, Tunisie",tanitjobs,Développeur C# .NET Blazor,https://www.tanitjobs.com/job/1978334/d%C3%A9veloppeur-c-net-blazor/?backPage=5&searchID=1769677804.9771
FINOPTI TN -,28/01/2026,"Due to our rapid growth, we are looking for a few ""brilliant profiles"" who are self-motivated and lookin g for an opportunity  to prove themselves and have tremendous advancement .  At  FINOPTI , we promote people, based...","Tunis, Tunis, Tunisie",tanitjobs,Debt Recovery Advisor,https://www.tanitjobs.com/job/1448524/debt-recovery-advisor/?backPage=5&searchID=1769677804.9771
FINOPTI TN -,28/01/2026,"À propos de nous : FINOPTI une société franco-tunisienne en forte expansion et forte d’une croissance continue, nous accompagnons un portefeuille varié d’experts-comptables français dans leurs...",Charguia 2,tanitjobs,Réviseur Comptable Confirmé(e) en Comptabilité Française,https://www.tanitjobs.com/job/1460394/r%C3%A9viseur-comptable-confirm%C3%A9-e-en-comptabilit%C3%A9-fran%C3%A7aise/?backPage=5&searchID=1769677804.9771
Leaders Holding -,28/01/2026,"Gérer et animer les réseaux sociaux (Facebook, Instagram, LinkedIn, TikTok…) Collaborer avec les équipes marketing et commerciales Gérer les campagnes sponsorisées (Facebook Ads, Instagram Ads…)...","Les Berges du Lac 2, Tunis, Tunisie",tanitjobs,Community manager,https://www.tanitjobs.com/job/1978327/community-manager/?backPage=5&searchID=1769677804.9771
EXPERTACK -,28/01/2026,"conducteur machine de production Intitulé du poste : Conducteur de Machine de Production Mission principale : Assurer le bon fonctionnement, la surveillance et la production efficace des machines industrielles pour...","Route de Mahdia Km 10 Sfax, Sfax, Tunisie",tanitjobs,Agent de production,https://www.tanitjobs.com/job/1978321/agent-de-production/?backPage=5&searchID=1769677804.9771
HEALTHLINK TUNISIA -,28/01/2026,"Agence media offshore recherche 2  Account Manager Digital avec expérience pour enrichir son équipe ! DESCRIPTIF DU POSTE : En tant qu’Account Manager Digital, vous serez responsable de la mise en place...","Les Berges du Lac 1, Tunis, Tunisie",tanitjobs,ACCOUNT MANAGER DIGITAL,https://www.tanitjobs.com/job/1941598/account-manager-digital/?backPage=5&searchID=1769677804.9771
Société de Structures du Bâtiment -,28/01/2026,"SSB, Société de Structures du Bâtiment est un bureau d'étude structure créé en 2016 spécialisé dans les plans d'exécution de bâtiments de logements neufs en France.  Dans...","Menzah 5, Ariana, Tunisie",tanitjobs,Projeteur en béton armé - plans de ferraillage - dessin armatures,https://www.tanitjobs.com/job/1933770/projeteur-en-b%C3%A9ton-arm%C3%A9-plans-de-ferraillage-dessin-armatures/?backPage=5&searchID=1769677804.9771
SYBERNETYS -,28/01/2026,"SYBERNETYS est une entreprise innovante spécialisée dans le développement web et mobile, les technologies de l’information (IT) et l’intelligence artificielle (IA). Portée par une équipe...","Rades, Ben Arous, Tunisie",tanitjobs,Architecte Fonctionnel SI,https://www.tanitjobs.com/job/1978310/architecte-fonctionnel-si/?backPage=5&searchID=1769677804.9771
SOBAT -,28/01/2026,"Société SOBAT recrute pour son administration sis a Bhar Lazreg La Marsa :  Deux responsable bureau d'ordre (féminin) ,polyvalentes niveau Bac ayant une expérience de 1 a 2 ans . Dans le cadre de ses...","Marsa, Tunis, Tunisie",tanitjobs,Responsable bureau d'ordre,https://www.tanitjobs.com/job/1978319/responsable-bureau-d-ordre/?backPage=5&searchID=1769677804.9771
PROMED -,28/01/2026,"Dans le cadre du développement de ses activités, PROMED Group recrute un(e) Graphiste / Brand Designer pour renforcer son pôle communication et accompagner la structuration et le rayonnement de ses marques et projets....","Les berges du lac 1, Tunis, Tunisie",tanitjobs,Graphiste / Brand Designer,https://www.tanitjobs.com/job/1967651/graphiste-brand-designer/?backPage=5&searchID=1769677804.9771
ANJ Architecture -,28/01/2026,"Architecte (H/F) – Conception & Production (Revit) Lieu :Ezzahra Contrat : CDI / CDD / Freelance (selon profil) Démarrage : Dès que possible Votre rôle Au sein de notre agence, vous intervenez sur des...","Ezzahra, Ben Arous, Tunisie",tanitjobs,Architecte (Revit),https://www.tanitjobs.com/job/1978314/architecte-revit/?backPage=5&searchID=1769677804.9771
Setec mis -,28/01/2026,"Offre d’emploi : Ingénieur Infrastructure linéaire expérimenté Poste : basé à Tunis Entreprise : SETEC MIS, filiale d'un grand groupe d'Ingénierie française, est...","Tunis, Tunis, Tunisie",tanitjobs,Ingénieur Infrastructure linéaire expérimenté,https://www.tanitjobs.com/job/1978311/ing%C3%A9nieur-infrastructure-lin%C3%A9aire-exp%C3%A9riment%C3%A9/?backPage=5&searchID=1769677804.9771
EXPERTACK -,28/01/2026,"Saisie de pièces de ventes, achats et financière sur système. coordination entre direction et divers services.",Route de Mahdia km 10,tanitjobs,Assistante de direction,https://www.tanitjobs.com/job/1978309/assistante-de-direction/?backPage=5&searchID=1769677804.9771
ANJ Architecture -,28/01/2026,Spécialiste du bâtiment – Chiffrage Façades & Quantitatifs Homme Lieu : ezzahra Type de contrat : CDI / CDD / Freelance (à définir) Début : Dès que possible Missions...,"Ezzahra, Ben Arous, Tunisie",tanitjobs,SPECIALISTE DU BATIMENT -CHIFFRAGE FACADES ET QUANTITATIF,https://www.tanitjobs.com/job/1978312/specialiste-du-batiment-chiffrage-facades-et-quantitatif/?backPage=5&searchID=1769677804.9771
lycée ennajeh -,28/01/2026,Nous sommes à la recherche d'une Enseignante d'Italien dynamique et passionnée pour rejoindre notre équipe à Sousse. Le profil recherché doit avoir une excellente maîtrise de la langue italienne et une...,"Hammam Sousse, Sousse, Tunisie",tanitjobs,enseignante de langue italienne,https://www.tanitjobs.com/job/1978303/enseignante-de-langue-italienne/?backPage=5&searchID=1769677804.9771
Limea -,28/01/2026,"Limea recrute pour le compte de son client, une parapharmacie, une Dermo-Conseillère. Missions : - Conseiller et accompagner les clients à distance (site e-commerce, réseaux sociaux, téléphone,...","Ariana, Ariana, Tunisie",tanitjobs,Dermo-Conseillère / Dermo-Conseiller – Parapharmacie,https://www.tanitjobs.com/job/1978304/dermo-conseill%C3%A8re-dermo-conseiller-parapharmacie/?backPage=5&searchID=1769677804.9771
,28/01/2026,"Chaque jour, vous donnerez vie à des causes solidaires en parlant à des personnes prêtes à s’engager. Votre rôle : contacter des particuliers, leur présenter les actions d’associations...","Tunis, Tunis, Tunisie",tanitjobs,Chargé(e) de collecte de dons – Français,https://www.tanitjobs.com/job/1894499/charg%C3%A9-e-de-collecte-de-dons-fran%C3%A7ais/?backPage=6&searchID=1769677804.9771
,28/01/2026,"SOTUFAB  : Leader sur le marché de meubles et plastiques, bénéficiant d’une excellente image de marque d’un fort potentiel de développement., recherche dans le cadre d'une création de poste de...","Ksar Hellal, Monastir, Tunisie",tanitjobs,CONTROLEUR DE GESTION,https://www.tanitjobs.com/job/1873762/controleur-de-gestion/?backPage=6&searchID=1769677804.9771
,28/01/2026,"Un technicien en informatique assure le bon fonctionnement des équipements et logiciels informatiques de l'entreprise .  Ses principales missions incluent l'installation, la maintenance, le dépannage et la...","Harkoussia Bannene, Monastir, Tunisie",tanitjobs,TECHNICIEN EN INFORMATIQUE,https://www.tanitjobs.com/job/1884303/technicien-en-informatique/?backPage=6&searchID=1769677804.9771
CDS Cometa -,28/01/2026,"COMETA,  groupe français de conseil et d’ingénierie spécialisé dans les télécommunications, les énergies et le BTP. Dans le cadre de notre développement, nous sommes à...","Tunis, Tunis, Tunisie",tanitjobs,Chef de projet BE -Data Center (H/F),https://www.tanitjobs.com/job/1943258/chef-de-projet-be-data-center-h-f/?backPage=6&searchID=1769677804.9771
,28/01/2026,* Description du poste : Nous recherchons un(e) Head of Training and Quality passionné(e) et expérimenté(e) pour rejoindre notre équipe et piloter notre stratégie formation et qualité.  ...,"Tunis, Tunis, Tunisie",tanitjobs,Head of Training and Quality (H/F),https://www.tanitjobs.com/job/1928882/head-of-training-and-quality-h-f/?backPage=6&searchID=1769677804.9771
,28/01/2026,Nous recrutons des TÉLÉVENDEURS CONFIRMÉS ayant une expérience avec un opérateur télécom B2B. Missions  : ✅ Prospecter et développer un portefeuille clients...,"Tunis, Tunis, Tunisie",tanitjobs,TÉLÉVENDEURS CONFIRMÉS BTOB TELECOM,https://www.tanitjobs.com/job/1887336/t%C3%A9l%C3%A9vendeurs-confirm%C3%A9s-btob-telecom/?backPage=6&searchID=1769677804.9771
PAYNOVA -,28/01/2026,"Notre établissement de paiement, leader dans le secteur financier recherchent des agents de guichet dynamiques et motivés pour rejoindre notre équipe. Si vous êtes passionné par le service à la...","El Menzah 8, Tunis, Tunisie",tanitjobs,Agent de guichet,https://www.tanitjobs.com/job/1970476/agent-de-guichet/?backPage=6&searchID=1769677804.9771
,28/01/2026,"SOTUFAB : Leader sur le marché de meubles et plastiques, bénéficiant d’une excellente image de marque d’un fort potentiel de développement est à la recherche  d'un tapissier","Bouhjar, Monastir, Tunisie",tanitjobs,Tapissier,https://www.tanitjobs.com/job/1767398/tapissier/?backPage=6&searchID=1769677804.9771
,28/01/2026,"SOTUFAB : Leader sur le marché de meubles et plastiques, bénéficiant d’une excellente image de marque d’un fort potentiel de développement.","Bouhjar, Monastir, Tunisie",tanitjobs,Technicien Supérieur en Génie Mécanique,https://www.tanitjobs.com/job/704481/technicien-sup%C3%A9rieur-en-g%C3%A9nie-m%C3%A9canique/?backPage=6&searchID=1769677804.9771
,28/01/2026,Nous recrutons des Conseillers Commerciaux en Réception d'Appels pour offrir une expérience exceptionnelle à nos clients. Vos missions : - Relation Client : Répondre aux appels entrants et...,"Tunis, Tunis, Tunisie",tanitjobs,Conseillers Commerciaux en Réception d'Appel,https://www.tanitjobs.com/job/1957155/conseillers-commerciaux-en-r%C3%A9ception-d-appel/?backPage=6&searchID=1769677804.9771
,28/01/2026,"Rejoignez notre équipe et boostez votre carrière ! Transformez chaque appel en opportunité, dominez les ventes et évoluez dans un environnement stimulant.  Active Contact recrute des Conseillers Commerciaux...","Tunis, Tunis, Tunisie",tanitjobs,Conseillers Commerciaux Telco,https://www.tanitjobs.com/job/1911344/conseillers-commerciaux-telco/?backPage=6&searchID=1769677804.9771
,28/01/2026,"SOTUFAB : Leader sur le marché de meubles et plastiques, bénéficiant d’une excellente image de marque d’un fort potentiel de développement est à la recherche  d'un tapissier","Bouhjar, Monastir, Tunisie",tanitjobs,Tapissier,https://www.tanitjobs.com/job/1318966/tapissier/?backPage=6&searchID=1769677804.9771
,28/01/2026,"SOTUFAB  : Leader sur le marché de meubles et plastiques, bénéficiant d’une excellente image de marque d’un fort potentiel de développement est à la recherche  d'un Technicien...",Zone industrielle Bouhjar,tanitjobs,Technicien supérieur production menuiserie,https://www.tanitjobs.com/job/1901053/technicien-sup%C3%A9rieur-production-menuiserie/?backPage=6&searchID=1769677804.9771
CDS Cometa -,28/01/2026,"COMETA,  groupe français de conseil et d’ingénierie spécialisé dans les télécommunications, les énergies et le BTP. Dans le cadre de notre développement, nous sommes...","Tunis, Tunis, Tunisie",tanitjobs,"Expert CVC (Climatisation, Ventilation, Chauffage) (H/F)",https://www.tanitjobs.com/job/1936053/expert-cvc-climatisation-ventilation-chauffage-h-f/?backPage=6&searchID=1769677804.9771
CDS Cometa -,28/01/2026,"COMETA,  groupe français de conseil et d’ingénierie spécialisé dans les télécommunications, les énergies et le BTP. Dans le cadre de notre développement, nous sommes à...","Les Berges du Lac 1, Tunis, Tunisie",tanitjobs,Ingénieur CFO/CFA (H/F),https://www.tanitjobs.com/job/1943142/ing%C3%A9nieur-cfo-cfa-h-f/?backPage=6&searchID=1769677804.9771
,28/01/2026,"Missions principales : Réaliser des installations électriques  (câblage, coffrets, armoires..). Effectuer le montage, le raccordement et la mise en service des équipements. Assurer le diagnostic et le...","Sousse, Sousse, Tunisie",tanitjobs,TECHNICIEN EN ELECTRICITE,https://www.tanitjobs.com/job/1942959/technicien-en-electricite/?backPage=6&searchID=1769677804.9771
,28/01/2026,"SOTUFAB : Leader sur le marché de meubles et plastiques, bénéficiant d’une excellente image de marque d’un fort potentiel de développement est à la recherche  d'un Technicien Maintenance...","Monastir, Monastir, Tunisie",tanitjobs,Technicien Maintenance Moules,https://www.tanitjobs.com/job/1777476/technicien-maintenance-moules/?backPage=6&searchID=1769677804.9771
CABINET DES AUDITEURS ET DES COMPTABLES PROFESSIONNELS PROFISIONNELS -,28/01/2026,"Cabinet CACP : Bureau comptabilité bénéficiant d’une excellente formation . Poursuivons notre croissance, nous recrutons une comptable avec une expérience minimum de 2 ans :  - Saisie...","Tunis, Tunis, Tunisie",tanitjobs,comptable expérimenté,https://www.tanitjobs.com/job/1978298/comptable-exp%C3%A9riment%C3%A9/?backPage=6&searchID=1769677804.9771
Art & Couleurs -,28/01/2026,"Dans le cadre de notre développement, nous recherchons un(e) Infographiste / Graphic Designer créatif(ve) et polyvalent(e) pour rejoindre notre équipe et participer à la conception de supports visuels innovants et...","Charguia 1, Ariana, Tunis",tanitjobs,INFOGRAPHISTE / Graphic Designer,https://www.tanitjobs.com/job/1978299/infographiste-graphic-designer/?backPage=6&searchID=1769677804.9771
,28/01/2026,"SOTUFAB  : Leader sur le marché de meubles et plastiques, bénéficiant d’une excellente image de marque d’un fort potentiel de développement., recherche dans le cadre d'une création de poste...","Monastir, Monastir, Tunisie",tanitjobs,Comptabilité Analytique,https://www.tanitjobs.com/job/1047298/comptabilit%C3%A9-analytique/?backPage=6&searchID=1769677804.9771
,28/01/2026,"il aura les missions/activités suivantes : * Garantir la politique qualité de la société. S’assurer que cette politique est comprise, mise en œuvre et entretenue à tous les niveaux de l'organisation....","Tunis, Tunis, Tunisie",tanitjobs,Responsable Management De La Qualité,https://www.tanitjobs.com/job/809616/responsable-management-de-la-qualit%C3%A9/?backPage=7&searchID=1769677804.9771
,28/01/2026,"Sky Industries, filiale du groupe 3S cherche à recruter :                                            Un...","La Charguia, Tunisie, Tunis",tanitjobs,Commercial Grands Projets,https://www.tanitjobs.com/job/1953315/commercial-grands-projets/?backPage=7&searchID=1769677804.9771
,28/01/2026,"SOTUFAB : Leader sur le marché de meubles et plastiques, bénéficiant d’une excellente image de marque d’un fort potentiel de développement est à la recherche  d'un agent en commerce...","Monastir, Monastir, Tunisie",tanitjobs,Agent en Commerce International,https://www.tanitjobs.com/job/1297106/agent-en-commerce-international/?backPage=7&searchID=1769677804.9771
,28/01/2026,"– Expérience en sidérurgiques souhaitable – Établir des fichiers clients. – Répondre aux besoins de la clientèle, et permettre leurs fidélisation à l’entreprise. –...","Monastir, Monastir, Tunisie",tanitjobs,Représentant Commercial,https://www.tanitjobs.com/job/1014269/repr%C3%A9sentant-commercial/?backPage=7&searchID=1769677804.9771
BTL Tunisia -,28/01/2026,"A propos BTL D'origine européenne et présente dans le monde entier, BTL possède une vaste expérience dans la recherche et le développement, la production et le commerce de technologies médicales haut...","Tunis, Tunis, Tunisie",tanitjobs,Spécialiste clinique professionnel en physiothérapie. (Kinésithérapeute formateur),https://www.tanitjobs.com/job/1978295/sp%C3%A9cialiste-clinique-professionnel-en-physioth%C3%A9rapie-kin%C3%A9sith%C3%A9rapeute-formateur/?backPage=7&searchID=1769677804.9771
,28/01/2026,"SOTUFAB : Leader sur le marché de meubles et plastiques, bénéficiant d’une excellente image de marque d’un fort potentiel de développement. Poursuivons notre croissance, nous recrutons une...","Harkoussia Bannene, Monastir, Tunisie",tanitjobs,ASSISTANTE DE DIRECTION,https://www.tanitjobs.com/job/1805264/assistante-de-direction/?backPage=7&searchID=1769677804.9771
,28/01/2026,"SOTUFAB : Leader sur le marché de meubles et plastiques, bénéficiant d’une excellente image de marque d’un fort potentiel de développement est à la recherche  d'un Directeur...","Harkoussia Bannene, Monastir, Tunisie",tanitjobs,Directeur technique,https://www.tanitjobs.com/job/1777453/directeur-technique/?backPage=7&searchID=1769677804.9771
IYARAF INDUSTRIE -,28/01/2026,"IYARAF INDUSTRIE  est une société spécialisé dans la fabrication des équipements en inox liés au secteur de l'environnement . Dans l'objectif de développement de son activité,...","Menzah, Ariana, Tunisie",tanitjobs,technicien (ne) dessinateur (ice) certifié(e) CSWP solidworks (construction métallique chaudronnerie ) et AUTOCAD,https://www.tanitjobs.com/job/1978292/technicien-ne-dessinateur-ice-certifi%C3%A9-e-cswp-solidworks-construction-m%C3%A9tallique-chaudronnerie-et-autocad/?backPage=7&searchID=1769677804.9771
,28/01/2026,"Dr Oetker Gias, multinationale dans le secteur agro-alimentaire spécialisée dans la fabrication des produits de la marque VANOISE cherche, un/une Responsable Magasin Produits Finis pour son site basé à Grombalia,...","Grombalia, Nabeul, Tunisie",tanitjobs,Responsable Magasin Produits Finis,https://www.tanitjobs.com/job/1790210/responsable-magasin-produits-finis/?backPage=7&searchID=1769677804.9771
,28/01/2026,"SOTUFAB : Leader sur le marché de meubles et plastiques, bénéficiant d’une excellente image de marque d’un fort potentiel de développement est à la recherche  d'un magasinier","Tunis, Tunis, Tunisie",tanitjobs,magasinier,https://www.tanitjobs.com/job/1970365/magasinier/?backPage=7&searchID=1769677804.9771
BUSINESS SOLUTIONS -,28/01/2026,"Développement frontend avec React.js, TypeScript, HTML, CSS, JavaScript Intégration de données cartographiques et visualisation dynamique ( OpenLayers, Leaflet ) Collaboration avec...","Sahel, Sousse, Tunisie",tanitjobs,Senior Frontend Developer (React.js / TypeScript),https://www.tanitjobs.com/job/1978291/senior-frontend-developer-react-js-typescript/?backPage=7&searchID=1769677804.9771
Motos Stars -,28/01/2026,On recrute un(e) stagiaire architecte . ✅ Participation aux projets architecturaux ✅ Réalisation de plans ✅ Maîtrise de base d’AutoCAD / SketchUp / Revit ✅ Étudiant(e) ou jeune diplômé(e) Envoyez...,"Ben Arous, Ben Arous, Tunisie",tanitjobs,OFFRE DE STAGE – STAGIAIRE ARCHITECTE,https://www.tanitjobs.com/job/1978293/offre-de-stage-stagiaire-architecte/?backPage=7&searchID=1769677804.9771
Progrès de Gestion et Services -,28/01/2026,Saisir les pièces comptables Assurer le classement et l’archivage des documents comptables Participer au suivi des factures clients et fournisseurs Aider à la préparation des...,"Manar, Tunis, Tunisie",tanitjobs,AIDE COMPTABLE,https://www.tanitjobs.com/job/1978288/aide-comptable/?backPage=7&searchID=1769677804.9771
Yuricab Engineering -,28/01/2026,"Dans le cadre du renforcement de son équipe, Yuricab Engineering, société située à Béni Khalled, recrute un Dessinateur Bureau d’Études Électriques. Profil recherché :...","Nabeul, Nabeul, Tunisie",tanitjobs,Dessinateur Bureau d’Études Électriques,https://www.tanitjobs.com/job/1978284/dessinateur-bureau-d-%C3%A9tudes-%C3%A9lectriques/?backPage=7&searchID=1769677804.9771
REONA -,28/01/2026,"Chef de production spécialisée dans la fabrication de produits cosmétiques, avec une expérience terrain couvrant l’ensemble du flux industriel : réception matières premières, pesée,...","Sousse, Sousse, Tunisie",tanitjobs,Chef de production – Industrie cosmétique,https://www.tanitjobs.com/job/1978282/chef-de-production-industrie-cosm%C3%A9tique/?backPage=7&searchID=1769677804.9771
Agence de Voyage -,28/01/2026,"Do you have the energy, drive, and mindset of an athlete ? Do you thrive outdoors and love motivating people? If yes — this role is perfect for you! The ideal role for someone who loves to move, inspire, and bring strong energy to...","Monastir, Monastir, Tunisie",tanitjobs,Coach,https://www.tanitjobs.com/job/1978280/coach/?backPage=7&searchID=1769677804.9771
Nexus Ingénierie -,28/01/2026,"Nexus Ingénierie est un bureau d’études 100 % orienté marché français, spécialisé dans l’accompagnement des entreprises à travers des solutions d’ingénierie et de...","Khezema, sousse, Tunisie",tanitjobs,Offre de Stage PFE – Marketing et Développement des Affaires,https://www.tanitjobs.com/job/1978283/offre-de-stage-pfe-marketing-et-d%C3%A9veloppement-des-affaires/?backPage=7&searchID=1769677804.9771
Groupe Jomaa -,28/01/2026,"Mission principale : Assurer la gestion, le stockage et la disponibilité des marchandises dans le magasin. Missions : Réceptionner et contrôler les marchandises Stocker les produits selon les...","Mghira, Ben Arous, Tunisie",tanitjobs,Magasinier,https://www.tanitjobs.com/job/1978278/magasinier/?backPage=7&searchID=1769677804.9771
tesla electrical solution -,28/01/2026,Nous recrutons un Technicien en électricité de bâtiment. NB: Nos projets sis à libya Missions principales : Installation et maintenance des équipements électriques du bâtiment...,Libya,tanitjobs,Technicien en Électricité de Bâtiment,https://www.tanitjobs.com/job/1978273/technicien-en-%C3%A9lectricit%C3%A9-de-b%C3%A2timent/?backPage=7&searchID=1769677804.9771
Groupe Jomaa -,28/01/2026,Société JOMAA SA Leader dans les domaines des pneumatiques et lubrifiants désire recruter pour ses besoins : Comptable Financier  Missions : Gestion de la comptabilité client de l'agence...,"Sfax, Sfax, Tunisie",tanitjobs,Comptable Financier,https://www.tanitjobs.com/job/1931918/comptable-financier/?backPage=7&searchID=1769677804.9771
GEPROS -,28/01/2026,"vendeur porte à porte secteur Agro-alimentaire (superette , épicerie fine...)","Centre Urbain Nord, Ariana, Tunisie",tanitjobs,Commercial Terrain ( Vente Directe ),https://www.tanitjobs.com/job/1758242/commercial-terrain-vente-directe/?backPage=8&searchID=1769677804.9771
tesla electrical solution -,28/01/2026,"Dans le cadre du renforcement de notre équipe, nous recrutons un Ingénieur en Génie Civil  pour assurer le pilotage et le suivi de chantier à Libya . Missions principales : Assurer le pilotage, la...",Libya,tanitjobs,Ingénieur génie civil,https://www.tanitjobs.com/job/1978268/ing%C3%A9nieur-g%C3%A9nie-civil/?backPage=8&searchID=1769677804.9771
kamy Sa -,28/01/2026,"Dans le cadre du renforcement de son équipe, STE KAMY, société basée à Nabeul, recrute une Assistante Attachée à la Direction Générale. Profil recherché : * Licence en...","Nabeul, Nabeul, Tunisie",tanitjobs,Assistante Attachée à la Direction Générale,https://www.tanitjobs.com/job/1978270/assistante-attach%C3%A9e-%C3%A0-la-direction-g%C3%A9n%C3%A9rale/?backPage=8&searchID=1769677804.9771
tesla electrical solution -,28/01/2026,"Dans le cadre du renforcement de notre équipe, nous recrutons  un Architecte  pour assurer le  pilotage et le suivi de chantier à Libya . Missions principales : Assurer le pilotage, la coordination et le...",Libya,tanitjobs,Architecte,https://www.tanitjobs.com/job/1978269/architecte/?backPage=8&searchID=1769677804.9771
SATEM -,28/01/2026,"Dans le cadre du développement de nos activités, nous recrutons une  Chef de Produit  passionné(e) par l’univers des  Parfums & de la Beauté , dotée d’un fort esprit analytique et...","Chotrana 2, Ariana, Tunisie",tanitjobs,Chef de Produit,https://www.tanitjobs.com/job/1978267/chef-de-produit/?backPage=8&searchID=1769677804.9771
tesla electrical solution -,28/01/2026,Nous recherchons un(e) Comptable expérimenté(e) disposant d’au moins 5 ans d’expérience pour renforcer notre équipe financière. Missions principales : Tenue de la...,"Tunis, Tunis, Tunisie",tanitjobs,Recrutement : Comptable,https://www.tanitjobs.com/job/1978264/recrutement-comptable/?backPage=8&searchID=1769677804.9771
Bismart -,28/01/2026,"Titre : Technicien Supérieur en Génie Thermique et Énergies Renouvelables (H/F) Lieu : [Ariana, Tunisie] Secteur : Chauffage & Solaire (Photovoltaïque / Thermique) Type de contrat : [SIVP accepté / CDD /...","Ariana, Ariana, Tunisie",tanitjobs,Technicien Supérieur,https://www.tanitjobs.com/job/1978265/technicien-sup%C3%A9rieur/?backPage=8&searchID=1769677804.9771
XIAN ELECTRIC ENGINEERING GROUP -,28/01/2026,"Prendre en charge le processus complet de recrutement pour les départements concernés (technique, commercial, marketing, etc.).   Collaborer étroitement avec les responsables opérationnels afin de...","Les Berges du Lac 2, Tunis, Tunisie",tanitjobs,Responsable des Ressources Humaines,https://www.tanitjobs.com/job/1978261/responsable-des-ressources-humaines/?backPage=8&searchID=1769677804.9771
Liss Strike -,28/01/2026,Objectifs du stage L’objectif principal du stage est de concevoir et développer une application mobile Android offrant les fonctionnalités suivantes : Envoi de SMS et lancement d’appels...,"Ariana, Ariana, Tunisie",tanitjobs,Stage PFE Flutter : Conception et Développement d’une Application Mobile,https://www.tanitjobs.com/job/1975450/stage-pfe-flutter-conception-et-d%C3%A9veloppement-d-une-application-mobile/?backPage=8&searchID=1769677804.9771
Sanabel Advanced de distribution en gros -,28/01/2026,"La société Sanabel Advanced de distribution , spécialisée dans la distribution de produits agroalimentaires, recherche deux chauffeurs poids lourd pour renforcer son équipe à...","Monastir, Monastir, Tunisie",tanitjobs,Chauffeur Poids Lourd,https://www.tanitjobs.com/job/1978255/chauffeur-poids-lourd/?backPage=8&searchID=1769677804.9771
Sanabel Advanced de distribution en gros -,28/01/2026,Société agroalimentaire de distribution en gros cherche à recruter  trois chauffeurs vendeurs  pour renforcer son équipe  à MONASTIR ouardanine   Prestations du Travail Chez...,"Monastir, Monastir, Tunisie",tanitjobs,Chauffeur Vendeur,https://www.tanitjobs.com/job/1978256/chauffeur-vendeur/?backPage=8&searchID=1769677804.9771
AMSYS -,28/01/2026,"Intitulé du projet : Développement d’une solution intelligente Contexte : Dans le cadre de son  implantation en Tunisie , notre entreprise renforce son pôle innovation et recherche et propose 5...","Tunis, Tunis, Tunisie",tanitjobs,Stage PFE en informatique 2026,https://www.tanitjobs.com/job/1978233/stage-pfe-en-informatique-2026/?backPage=8&searchID=1769677804.9771
glorea career -,28/01/2026,"Nous recherchons un(e) Créateur(trice) de contenu créatif(ve), organisé(e) et passionné(e) pour rejoindre notre équipe à temps plein. Vous serez responsable de la création de contenus digitaux...","Bardo, Tunis, Tunisie",tanitjobs,Créateur(trice) de contenu,https://www.tanitjobs.com/job/1978240/cr%C3%A9ateur-trice-de-contenu/?backPage=8&searchID=1769677804.9771
VB Industries -,28/01/2026,"VB INDUSTRIES est une société Française de mécanique de précision, située à dans la Zone Industrielle de RADES. Dans le cadre de notre développement et afin de renforcer notre...","Zone Portuaire Radés, Ben Arous, Tunisie",tanitjobs,Technicien CNC (Fraisage),https://www.tanitjobs.com/job/1724429/technicien-cnc-fraisage/?backPage=8&searchID=1769677804.9771
